State,Top_3_Frequency_Percent
Texas,96.97
Virginia,44.529999999999994
Arizona,0.53
California,20.31
Nevada,0.21
Georgia,0.44999999999999996
Ohio,0.01
Oregon,46.54
Washington,80.96
North Carolina,0.0
Utah,0.63
Tennessee,0.0
Indiana,0.0
Pennsylvania,0.15
Illinois,8.709999999999999
