State,Winner_Frequency_Percent
Texas,78.43
Virginia,4.130000000000001
Arizona,0.0
California,0.0
Nevada,0.0
Georgia,0.0
Ohio,0.0
Oregon,0.0
Washington,17.44
North Carolina,0.0
Utah,0.0
Tennessee,0.0
Indiana,0.0
Pennsylvania,0.0
Illinois,0.0
